DATE;MAX_TEMPERATURE_C;MIN_TEMPERATURE_C;WINDSPEED_MAX_KMH;TEMPERATURE_MORNING_C;TEMPERATURE_NOON_C;TEMPERATURE_EVENING_C;PRECIP_TOTAL_DAY_MM;HUMIDITY_MAX_PERCENT;VISIBILITY_AVG_KM;PRESSURE_MAX_MB;CLOUDCOVER_AVG_PERCENT;HEATINDEX_MAX_C;DEWPOINT_MAX_C;WINDTEMP_MAX_C;WEATHER_CODE_MORNING;WEATHER_CODE_NOON;WEATHER_CODE_EVENING;OPINION;IndexMeteo
2017-01-01;10;5;4;2;10;3;0;58;10;1029;0;10;0;4;113;113;113;météo très défavorable;1
2017-01-02;6;2;4;1;6;-1;0;70;9.375;1023;34;6;0;2;113;122;116;météo très défavorable;2
2017-01-03;-1;-1;10;-3;-1;-3;0;86;8.625;1027;10.375;0;0;-5;113;113;113;météo très défavorable;3
2017-01-04;1;-1;8;-3;0;0;0.1;69;9.75;1027;15;1;0;-4;113;113;113;météo très défavorable;4
2017-01-05;-1;-3;18;-1;-2;-6;0.3;90;8.875;1030;40.125;0;0;-8;332;323;113;météo très défavorable;5
2017-01-06;-4;-5;9;-5;-4;-8;0;78;10;1033;4.125;0;0;-9;113;113;113;météo très défavorable;6
2017-01-07;-1;-4;7;-6;-1;-6;0;63;10;1033;6.25;0;0;-6;113;113;113;météo très défavorable;7
2017-01-08;-1;-2;9;-2;-1;-4;0.5;85;8.75;1031;58.75;0;0;-6;329;326;326;météo très défavorable;8
2017-01-09;-1;-3;7;-4;-1;-5;0;88;5.625;1029;16.375;0;0;-6;143;113;113;météo très défavorable;9
2017-01-10;2;-1;5;-2;2;-4;6;97;6;1021;63.25;2;1;-3;116;338;338;météo très défavorable;10
2017-01-11;3;-2;5;-5;3;-2;1.2;80;7.625;1021;28.875;3;1;-4;143;113;329;météo très défavorable;11
2017-01-12;8;4;6;1;8;1;7.3;84;9;1022;53.5;8;4;3;113;113;176;météo très défavorable;12
2017-01-13;1;-4;12;-2;-4;-5;27.2;97;4.25;1014;99.875;2;3;-9;338;371;395;météo très défavorable;13
2017-01-14;-2;-5;11;-4;-4;-7;19.5;98;2.375;1021;93.25;0;0;-9;338;338;338;météo très défavorable;14
2017-01-15;-3;-6;9;-10;-3;-9;0.7;92;8;1023;41.25;0;0;-9;113;113;323;météo très défavorable;15
2017-01-16;-4;-7;11;-10;-4;-9;0.2;92;9.625;1022;18.5;0;0;-11;113;113;323;météo très défavorable;16
2017-01-17;-5;-9;9;-13;-5;-10;0;93;9;1025;19.25;0;0;-13;113;113;326;météo très défavorable;17
2017-01-18;-2;-5;7;-11;-2;-8;0;95;5.25;1028;13.875;0;0;-7;143;113;281;météo très défavorable;18
2017-01-19;2;-3;5;-8;2;-6;0;94;7.875;1031;7.75;2;0;-5;113;113;143;météo très défavorable;19
2017-01-20;4;-1;6;-5;4;-2;0;94;9;1031;6.875;4;2;-3;113;113;143;météo très défavorable;20
2017-01-21;5;0;8;-4;5;-1;0;93;10;1031;37.125;5;3;-3;116;113;116;météo très défavorable;21
2017-01-22;4;0;5;-4;4;1;0;92;9;1027;51.375;4;2;-1;113;119;143;météo très défavorable;22
2017-01-23;3;-1;5;-5;3;-4;0;95;7.125;1024;47;3;1;-2;116;116;143;météo très défavorable;23
2017-01-24;-1;-4;7;-9;-1;-7;0;88;6.875;1023;10.625;0;0;-7;113;113;113;météo très défavorable;24
2017-01-25;-2;-5;5;-11;-2;-4;0;96;4.375;1025;32.625;0;0;-5;260;113;326;météo très défavorable;25
2017-01-26;5;-1;7;-6;4;2;0;97;7.5;1025;21.125;5;5;-3;113;113;248;météo très défavorable;26
2017-01-27;6;3;10;1;5;4;0;99;7.5;1024;50.5;6;6;0;113;116;248;météo très défavorable;27
2017-01-28;8;4;7;2;8;2;0;93;9;1023;48.75;8;6;3;116;119;143;météo très défavorable;28
2017-01-29;7;3;5;-2;7;1;0;95;7.625;1025;45.125;7;5;2;113;116;248;météo très défavorable;29
2017-01-30;7;5;8;3;7;6;3.2;91;9.625;1025;46.125;7;6;4;113;116;317;météo très défavorable;30
2017-01-31;7;4;7;2;4;6;2.4;92;9;1020;48.375;7;6;3;182;116;176;météo très défavorable;31
2017-02-01;11;6;8;4;11;6;0;93;10;1019;21.375;11;9;4;113;113;113;météo défavorable;32
2017-02-02;13;7;11;4;13;7;0.1;82;10;1019;17.25;13;8;5;113;113;116;météo correcte;33
2017-02-03;8;5;11;5;8;5;15.4;90;8;1013;51.25;8;5;2;320;113;176;météo très défavorable;34
2017-02-04;7;5;23;3;6;6;6.5;85;8.625;1013;51.625;7;4;2;116;317;353;météo très défavorable;35
2017-02-05;7;5;7;3;6;6;24.2;98;6.375;1011;73.5;7;6;3;335;320;320;météo très défavorable;36
2017-02-06;2;0;12;-1;1;1;15.5;100;2.75;1017;97.375;2;2;-3;338;338;338;météo très défavorable;37
2017-02-07;6;2;5;1;5;2;7.8;97;6;1018;76.125;6;4;2;143;176;338;météo très défavorable;38
2017-02-08;3;0;9;-1;2;2;10.7;99;2.375;1020;100;3;3;-2;332;338;338;météo très défavorable;39
2017-02-09;1;-2;7;-1;1;-2;2;97;6;1021;83.375;1;1;-3;332;323;332;météo très défavorable;40
2017-02-10;5;1;4;2;5;1;2.3;92;6.125;1021;45.875;5;2;1;335;116;323;météo très défavorable;41
2017-02-11;7;2;8;1;7;2;0.3;76;9.875;1022;43.375;7;0;0;113;116;119;météo très défavorable;42
2017-02-12;11;6;9;3;11;7;0.3;81;9.875;1024;31.25;11;6;4;116;113;113;météo défavorable;43
2017-02-13;12;6;9;4;12;6;0;81;10;1025;23.75;12;6;5;116;113;116;météo défavorable;44
2017-02-14;8;6;8;5;8;8;0.3;85;9.875;1033;34.375;8;5;5;317;116;116;météo très défavorable;45
2017-02-15;10;5;5;4;10;5;0;84;10;1036;29.875;10;4;5;113;116;113;météo très défavorable;46
2017-02-16;11;6;3;2;11;6;0;82;10;1036;10.75;11;4;6;113;113;113;météo défavorable;47
2017-02-17;8;3;9;2;8;3;0.1;93;9.375;1031;31.25;8;4;1;113;116;176;météo très défavorable;48
2017-02-18;8;3;5;2;8;3;0;85;7.625;1026;10.125;8;3;3;143;113;113;météo très défavorable;49
2017-02-19;9;5;6;4;9;5;0;80;10;1026;3.5;9;4;5;113;113;113;météo très défavorable;50
2017-02-20;6;3;9;3;6;3;0;86;10;1026;8.5;6;2;2;113;113;113;météo très défavorable;51
2017-02-21;11;6;9;5;11;6;0;93;8.375;1025;43.75;11;6;5;119;116;116;météo défavorable;52
2017-02-22;10;9;7;4;10;9;0;86;6.625;1022;14.125;10;7;8;143;113;113;météo défavorable;53
2017-02-23;17;11;14;7;17;12;0;65;10;1019;12.625;17;6;10;113;113;113;météo correcte;54
2017-02-24;6;0;14;6;3;0;2.2;93;5.5;1016;66.25;6;6;-4;143;338;371;météo très défavorable;55
2017-02-25;6;4;5;1;5;4;0;82;9;1022;12.75;6;1;4;113;113;113;météo très défavorable;56
2017-02-26;11;10;3;4;11;10;0;73;10;1022;10.75;12;3;9;113;113;113;météo défavorable;57
2017-02-27;11;8;15;5;11;8;0;75;10;1017;10;11;3;7;113;113;113;météo défavorable;58
2017-02-28;8;2;24;7;8;2;18.8;89;6.875;1007;73.5;8;6;-2;182;296;395;météo très défavorable;59
2017-03-01;4;1;11;2;4;1;12.1;93;4.375;1017;69.75;4;4;-1;335;335;338;météo très défavorable;60
2017-03-02;9;6;6;5;8;8;15.6;91;7.875;1018;59.625;9;6;5;320;317;113;météo défavorable;61
2017-03-03;13;8;13;5;13;8;0;78;10;1018;10.75;13;6;8;116;113;113;météo correcte;62
2017-03-04;8;2;17;6;8;2;11.5;91;7.5;1006;39.5;8;5;-2;113;263;395;météo très défavorable;63
2017-03-05;6;2;22;2;6;2;4.9;82;6.375;1013;55.875;6;2;-3;338;113;335;météo très défavorable;64
2017-03-06;7;2;36;4;7;2;37.8;91;5.25;1015;90;7;5;-4;338;320;365;météo très défavorable;65
2017-03-07;1;-2;10;0;0;-2;22.2;100;3;1024;90.25;1;1;-3;338;338;338;météo très défavorable;66
2017-03-08;6;6;5;1;6;6;1.2;86;8.5;1026;47.375;6;4;5;113;119;263;météo très défavorable;67
2017-03-09;10;6;9;6;10;6;0;93;7.375;1027;44.875;10;8;4;116;116;116;météo défavorable;68
2017-03-10;11;7;12;7;11;7;0;84;7.625;1025;16.25;11;7;6;143;113;113;météo défavorable;69
2017-03-11;14;11;4;5;14;13;0;71;10;1022;19.375;14;4;11;116;113;113;météo correcte;70
2017-03-12;12;9;6;7;12;9;0;85;9.375;1018;18.875;12;5;9;113;116;113;météo défavorable;71
2017-03-13;11;8;10;7;11;8;0;87;6.625;1027;32.375;11;8;8;248;116;113;météo défavorable;72
2017-03-14;10;7;9;5;10;7;0;83;8.625;1030;6.5;10;5;7;113;113;113;météo défavorable;73
2017-03-15;12;10;7;5;12;10;0;86;10;1031;8;12;6;10;113;113;113;météo défavorable;74
2017-03-16;15;13;4;6;15;14;0;79;9;1027;4.125;16;8;13;113;113;113;météo correcte;75
2017-03-17;15;14;5;8;15;14;0;80;10;1022;5.125;15;7;14;113;113;113;météo correcte;76
2017-03-18;9;6;9;4;8;8;1.6;89;6.75;1020;60.625;9;6;4;116;116;266;météo défavorable;77
2017-03-19;10;7;12;8;9;7;1.1;94;4.5;1019;88.25;10;8;5;248;119;176;météo défavorable;78
2017-03-20;12;8;8;9;12;8;0;88;4.25;1017;64.125;12;10;8;248;116;116;météo défavorable;79
2017-03-21;10;7;7;8;10;7;0.3;87;5.125;1014;70;10;8;7;248;116;119;météo défavorable;80
2017-03-22;9;5;6;3;8;6;4.3;87;5.75;1013;76.5;9;8;5;266;116;263;météo très défavorable;81
2017-03-23;13;11;7;6;13;11;2.9;74;9.5;1015;29.75;13;5;11;113;113;353;météo correcte;82
2017-03-24;12;9;4;8;11;9;3.4;89;7.75;1021;60.125;12;8;10;263;296;176;météo défavorable;83
2017-03-25;15;4;9;6;15;4;13.6;94;8;1022;51.5;15;7;3;122;113;302;météo très défavorable;84
2017-03-26;10;8;6;6;10;8;4.7;81;9.375;1021;43.625;10;5;8;317;113;113;météo défavorable;85
2017-03-27;11;4;7;2;8;9;0.2;73;9.375;1024;79.375;11;7;5;113;113;176;météo très défavorable;86
2017-03-28;11;4;6;3;7;11;0;86;10;1026;86.25;12;4;5;113;113;113;météo très défavorable;87
2017-03-29;14;4;9;2;8;14;0;82;10;1027;88.375;15;6;4;113;113;113;météo très défavorable;88
2017-03-30;20;6;7;3;11;20;0;72;18.375;1026;82.75;23;9;7;113;113;116;météo défavorable;89
2017-03-31;13;6;13;3;10;13;0;68;19.75;1024;80.875;14;5;4;113;116;113;météo défavorable;90
2017-04-01;6;2;6;5;3;2;7.1;86;7;1017;97.875;7;4;2;119;293;293;météo très défavorable;91
2017-04-02;8;2;11;2;2;8;4.9;100;5.375;1022;100;9;3;0;293;317;266;météo très défavorable;92
2017-04-03;12;4;9;2;7;12;0.5;81;5.75;1022;100;13;5;5;143;113;176;météo très défavorable;93
2017-04-04;11;5;12;4;9;9;0.9;90;4.875;1022;100;12;4;4;248;176;176;météo très défavorable;94
2017-04-05;11;2;17;2;4;11;0.3;87;5.75;1021;100;12;3;0;248;113;113;météo très défavorable;95
2017-04-06;5;2;12;2;3;4;0.1;87;6;1021;75;6;2;0;143;113;116;météo très défavorable;96
2017-04-07;9;4;9;2;6;7;0;76;6.125;1022;50;9;3;4;248;113;113;météo très défavorable;97
2017-04-08;12;6;6;4;11;10;1.5;71;8.625;1022;29.125;13;4;7;143;113;113;météo défavorable;98
2017-04-09;14;9;7;6;13;11;2.9;70;9.75;1024;37.5;14;4;10;113;113;176;météo correcte;99
2017-04-10;13;8;8;6;12;12;2.4;65;9.75;1025;20.875;14;5;9;113;113;113;météo correcte;100
2017-04-11;9;3;11;6;3;9;1.2;95;7;1022;100;11;6;1;248;176;353;météo très défavorable;101
2017-04-12;15;5;7;3;8;15;0;78;5.5;1022;62.5;16;3;6;248;116;113;météo correcte;102
2017-04-13;14;6;12;3;11;14;0.2;72;8.75;1018;50;16;3;6;113;113;119;météo correcte;103
2017-04-14;12;6;10;4;9;11;0.2;72;6.875;1017;62.5;13;4;7;248;113;116;météo défavorable;104
2017-04-15;10;6;11;4;10;7;2.1;79;6.625;1019;87.5;11;3;6;248;119;266;météo défavorable;105
2017-04-16;10;3;12;2;5;10;1.1;92;6.5;1022;100;11;3;2;248;176;176;météo très défavorable;106
2017-04-17;10;3;12;1;5;10;0.2;71;7.875;1022;37.5;11;2;2;113;113;176;météo très défavorable;107
2017-04-18;7;2;24;2;4;7;0;76;6.125;1022;41.625;7;2;0;248;113;113;météo très défavorable;108
2017-04-19;6;-2;25;-3;1;6;0;54;10;1027;0;7;0;-6;113;113;113;météo très défavorable;109
2017-04-20;7;-3;16;-4;1;7;0;60;10;1030;0;7;0;-3;113;113;113;météo très défavorable;110
2017-04-21;11;1;8;-2;5;11;0;54;10;1030;0;12;0;2;113;113;113;météo très défavorable;111
2017-04-22;14;5;11;1;10;14;0;51;9.375;1029;8.375;15;0;5;113;113;113;météo correcte;112
2017-04-23;14;5;13;2;7;14;0;70;6.875;1022;25;15;2;4;113;113;116;météo correcte;113
2017-04-24;17;6;14;2;11;17;0.2;71;7.5;1019;79.125;17;3;7;143;116;176;météo défavorable;114
2017-04-25;12;8;15;6;11;11;6.3;58;8.625;1013;70.875;12;4;8;113;176;302;météo défavorable;115
2017-04-26;6;0;8;1;2;1;5.9;97;5.75;1012;100;6;3;1;296;338;263;météo très défavorable;116
2017-04-27;4;-2;13;-2;-1;4;5.3;90;3.5;1014;100;5;0;-4;326;338;371;météo très défavorable;117
2017-04-28;3;-2;10;-4;1;3;4.9;76;3.875;1017;91.625;4;0;-3;338;116;323;météo très défavorable;118
2017-04-29;10;0;8;-4;5;9;0;66;10;1019;2.375;11;0;1;113;113;113;météo très défavorable;119
2017-04-30;11;5;17;2;9;9;0;60;10;1015;7;12;0;4;113;113;116;météo très défavorable;120
2017-05-01;4;-4;7;1;1;1;22.5;100;7.125;1019;58.75;4;3;-4;320;335;176;météo très défavorable;121
2017-05-02;5;-1;15;0;5;3;11.6;87;8.75;1019;48.375;5;1;-1;116;176;365;météo très défavorable;122
2017-05-03;9;2;7;2;6;8;2.6;99;9.75;1019;44;11;2;2;323;176;353;météo très défavorable;123
2017-05-04;6;1;8;3;6;4;11.5;93;8.75;1018;21.75;7;4;1;116;176;356;météo très défavorable;124
2017-05-05;13;2;6;2;10;12;0.2;86;10;1018;4.25;14;5;2;113;113;113;météo correcte;125
2017-05-06;9;-2;9;8;9;3;32.3;85;8.125;1016;52.875;10;6;-2;113;293;320;météo très défavorable;126
2017-05-07;6;1;10;4;6;4;3.8;100;6;1019;86.375;7;5;1;353;266;353;météo très défavorable;127
2017-05-08;8;4;14;4;6;8;3.1;97;4.5;1019;96.375;9;5;4;317;317;353;météo très défavorable;128
2017-05-09;9;1;11;1;6;7;0.2;93;7.125;1018;35.25;9;3;2;248;113;113;météo très défavorable;129
2017-05-10;15;5;12;5;12;14;2.2;89;9.375;1012;17.875;15;6;5;113;113;353;météo correcte;130
2017-05-11;11;7;14;7;11;11;21;84;7.875;1006;47.125;12;7;6;113;116;356;météo très défavorable;131
2017-05-12;9;3;8;6;9;7;26.1;95;8.5;1007;46;10;7;3;176;386;389;météo très défavorable;132
2017-05-13;11;4;6;7;11;9;4;91;9.5;1017;24.25;12;8;4;113;116;386;météo très défavorable;133
2017-05-14;11;5;8;7;11;9;1.9;95;9.75;1025;14.625;12;8;5;113;116;176;météo très défavorable;134
2017-05-15;13;6;13;7;11;11;0.2;87;9.375;1028;0.75;13;7;6;113;113;113;météo correcte;135
2017-05-16;16;9;6;9;15;14;1.7;77;8.625;1028;7;16;10;9;113;113;176;météo correcte;136
2017-05-17;17;10;9;10;17;16;9.9;91;8.75;1025;15.875;18;9;10;113;113;356;météo correcte;137
2017-05-18;16;10;13;10;14;15;9.9;88;9.5;1017;33.5;17;9;11;353;176;386;météo correcte;138
2017-05-19;10;-1;9;6;2;4;16.6;98;7.75;1018;48.25;11;7;-1;296;338;113;météo très défavorable;139
2017-05-20;8;2;11;3;6;7;0.8;92;8.75;1023;36.75;9;3;2;143;353;176;météo très défavorable;140
2017-05-21;13;3;7;3;11;11;0;80;9.375;1024;7.125;14;6;4;113;113;113;météo correcte;141
2017-05-22;16;8;8;8;15;14;0.2;86;9.625;1021;4.25;17;7;9;113;113;113;météo correcte;142
2017-05-23;16;9;13;9;15;14;1.1;76;8.875;1021;20.25;17;10;10;113;113;176;météo correcte;143
2017-05-24;17;9;12;9;15;16;0.5;90;6.25;1022;36.5;19;10;10;143;113;176;météo correcte;144
2017-05-25;18;11;10;11;15;16;0;77;7.75;1019;17.25;18;10;11;113;113;113;météo favorable;145
2017-05-26;18;11;6;11;17;16;2.5;94;7.125;1017;14.375;19;13;12;143;113;176;météo favorable;146
2017-05-27;19;12;6;12;18;18;5.9;94;9.5;1020;13.75;20;12;13;176;176;176;météo favorable;147
2017-05-28;23;12;8;12;19;23;5.9;86;9.375;1021;11;23;11;13;113;113;176;météo favorable;148
2017-05-29;24;13;9;13;19;23;3.9;87;9.375;1021;13;24;12;13;176;113;176;météo favorable;149
2017-05-30;18;13;7;13;17;16;4.2;84;9.125;1018;18.375;19;11;14;176;176;176;météo favorable;150
2017-05-31;17;13;5;13;17;17;13.8;85;14.75;1020;35.125;18;13;13;176;356;356;météo défavorable;151
2017-06-01;17;12;5;12;16;17;9.2;94;9.125;1021;28.125;18;12;12;293;176;386;météo correcte;152
2017-06-02;18;10;6;10;16;16;5.3;95;9.625;1020;7.75;18;12;11;113;113;176;météo favorable;153
2017-06-03;18;12;13;12;18;17;12.6;90;9.125;1018;30.25;18;13;13;113;176;353;météo correcte;154
2017-06-04;14;11;11;11;12;14;15.5;100;6.375;1018;82;15;13;11;296;353;266;météo défavorable;155
2017-06-05;14;10;8;10;13;14;1.8;92;4.125;1015;72.125;15;9;10;266;266;263;météo défavorable;156
2017-06-06;13;10;13;10;10;13;12.3;92;8.75;1015;32.625;13;9;10;176;389;176;météo correcte;157
2017-06-07;14;5;11;5;9;14;0.4;91;8.25;1021;32.75;14;6;5;143;176;113;météo correcte;158
2017-06-08;18;7;9;7;15;17;0;73;10;1021;0;20;10;7;113;113;113;météo favorable;159
2017-06-09;17;11;6;11;15;16;0.1;83;10;1018;0;18;10;12;113;113;113;météo correcte;160
2017-06-10;22;13;10;13;17;22;0;82;9.375;1019;0.125;23;12;13;113;113;113;météo favorable;161
2017-06-11;26;14;9;14;20;26;0.5;86;9.5;1019;7.25;26;16;14;113;113;176;météo favorable;162
2017-06-12;21;16;9;16;20;19;2;89;8.875;1018;14.625;22;15;17;113;113;113;météo favorable;163
2017-06-13;22;14;6;15;20;20;2.6;92;8.5;1018;11.5;23;16;14;143;113;176;météo favorable;164
2017-06-14;22;16;7;16;21;22;3.7;90;9.75;1017;8.625;23;16;16;176;113;386;météo favorable;165
2017-06-15;21;14;7;14;19;19;1.7;96;9.875;1019;1.25;22;14;14;113;113;113;météo favorable;166
2017-06-16;20;15;16;15;16;20;0.5;92;8.125;1021;34;21;15;16;143;176;176;météo favorable;167
2017-06-17;17;11;14;11;15;16;0;85;7.875;1021;30.5;18;11;12;143;116;113;météo correcte;168
2017-06-18;21;12;7;12;19;19;0.1;83;8.5;1020;12.625;22;14;13;113;113;113;météo favorable;169
2017-06-19;22;15;8;15;20;21;2.5;91;9.75;1021;6;23;14;15;113;113;176;météo favorable;170
2017-06-20;27;14;7;14;22;27;0.1;83;10;1020;0;28;13;15;113;113;113;météo favorable;171
2017-06-21;23;16;7;16;22;22;3.6;75;16.875;1017;1.25;25;15;17;113;113;113;météo favorable;172
2017-06-22;24;16;5;16;22;24;1.3;86;10;1019;1;25;15;17;113;113;113;météo idéale;173
2017-06-23;23;17;8;17;23;21;3.8;76;9;1019;1.625;24;16;18;113;113;113;météo favorable;174
2017-06-24;24;16;8;16;19;24;0.8;85;7.625;1020;29;25;14;17;176;176;113;météo favorable;175
2017-06-25;21;13;10;13;15;21;3.8;96;9.625;1018;37.875;22;14;14;353;176;113;météo favorable;176
2017-06-26;20;13;7;13;18;19;4.4;78;9.625;1016;16.875;21;14;14;113;116;386;météo favorable;177
2017-06-27;22;14;11;14;18;22;5.7;90;9.5;1013;17.875;23;13;15;176;113;176;météo favorable;178
2017-06-28;17;6;11;12;13;9;16.2;98;8.125;1005;37.75;18;13;6;143;386;356;météo très défavorable;179
2017-06-29;11;6;12;8;10;10;14.2;99;14.125;1007;34.25;12;9;6;176;353;356;météo défavorable;180
2017-06-30;13;6;14;6;12;13;5.3;94;17.125;1011;18.625;14;8;6;176;113;386;météo correcte;181
2017-07-01;13;8;9;12;13;12;6.2;95;9;1018;60.75;13;11;8;296;176;353;météo correcte;182
2017-07-02;14;10;12;12;13;13;2.2;96;3.75;1022;88.875;14;12;10;266;266;353;météo défavorable;183
2017-07-03;19;14;10;14;17;17;0;94;6.25;1023;45.5;19;14;14;248;116;113;météo favorable;184
2017-07-04;25;21;6;17;23;24;1.6;88;8.375;1023;6.5;27;20;21;113;113;113;météo idéale;185
2017-07-05;26;21;7;21;26;24;0.1;82;10;1021;0.125;27;18;21;113;113;113;météo idéale;186
2017-07-06;27;20;9;21;27;24;0;80;10;1021;4.125;28;18;20;113;113;113;météo idéale;187
2017-07-07;27;21;6;23;27;25;0;76;10;1021;6.375;28;18;21;113;113;113;météo idéale;188
2017-07-08;30;23;7;23;30;27;0.2;67;10;1020;12.75;32;19;23;113;113;116;météo idéale;189
2017-07-09;26;19;8;23;23;22;8.3;89;9;1016;35.875;28;20;19;176;176;353;météo correcte;190
2017-07-10;23;17;6;21;23;20;9.3;88;8.75;1015;16.5;25;18;17;113;113;356;météo correcte;191
2017-07-11;22;18;8;19;21;21;9.5;84;9.25;1016;23;25;16;18;113;116;356;météo correcte;192
2017-07-12;23;19;9;20;23;21;0.4;92;9.25;1019;12.375;25;18;19;113;113;176;météo favorable;193
2017-07-13;19;14;9;17;18;17;0.8;94;5.5;1020;58.875;19;17;14;248;176;353;météo correcte;194
2017-07-14;18;12;11;16;17;16;0.8;92;5.25;1019;66;18;16;11;248;176;353;météo défavorable;195
2017-07-15;19;14;15;16;18;17;0;89;7.625;1021;4.25;19;14;14;143;113;113;météo favorable;196
2017-07-16;22;16;9;17;20;20;0;90;9.375;1023;0.5;23;15;16;113;113;113;météo favorable;197
2017-07-17;25;20;6;20;23;23;0.9;83;8.375;1023;19.375;26;18;20;113;116;176;météo favorable;198
2017-07-18;27;20;13;21;27;23;1.2;79;10;1021;0.5;28;19;20;113;113;113;météo idéale;199
2017-07-19;27;20;16;21;27;24;0.2;78;10;1018;2.625;28;18;20;113;113;113;météo idéale;200
2017-07-20;27;21;6;20;27;24;3;90;9.5;1016;23.625;28;16;21;176;113;176;météo favorable;201
2017-07-21;26;19;6;20;26;23;15.6;92;8.625;1015;31.375;27;18;19;176;176;356;météo défavorable;202
2017-07-22;30;22;6;19;30;25;3.6;83;9.5;1017;16.875;30;17;22;113;113;200;météo favorable;203
2017-07-23;26;19;8;19;24;23;6.3;78;9.375;1020;21;26;18;19;353;176;113;météo favorable;204
2017-07-24;18;11;8;17;15;14;11.3;93;9.125;1016;48.875;18;16;11;176;353;356;météo correcte;205
2017-07-25;15;10;7;11;13;14;10.4;99;8.75;1015;68.625;15;13;9;353;296;176;météo défavorable;206
2017-07-26;20;15;11;13;18;17;0.4;81;7.875;1013;19.25;20;12;15;143;176;113;météo favorable;207
2017-07-27;23;15;7;17;23;19;0;76;10;1015;15.25;25;14;15;116;113;113;météo favorable;208
2017-07-28;25;17;7;19;24;22;0.1;79;10;1017;8.5;26;17;17;113;116;113;météo favorable;209
2017-07-29;28;22;6;20;27;25;1.6;69;9.75;1018;6.5;28;16;22;113;113;386;météo idéale;210
2017-07-30;30;24;10;22;30;28;1.3;72;9.875;1017;1.875;30;17;24;113;113;113;météo idéale;211
2017-07-31;34;28;13;23;31;33;1;50;18.125;1018;8.625;36;16;28;176;113;113;météo favorable;212
2017-08-01;36;28;15;19;35;34;0.2;53;10;1020;4.125;37;18;28;113;113;113;météo favorable;213
2017-08-02;36;27;6;20;34;34;0;52;10;1021;0;38;19;27;113;113;113;météo favorable;214
2017-08-03;36;28;11;22;35;34;0.3;52;10;1020;4.25;37;20;28;176;113;113;météo favorable;215
2017-08-04;34;27;7;19;34;32;4.9;75;9.5;1019;8.125;38;22;27;356;113;113;météo favorable;216
2017-08-05;33;27;10;19;33;31;0.7;68;9.75;1019;7;36;21;27;113;113;176;météo favorable;217
2017-08-06;27;20;9;16;25;25;0.3;77;10;1020;43.625;29;18;20;119;176;176;météo favorable;218
2017-08-07;31;23;6;13;29;29;0;67;8;1020;3;33;21;23;143;113;113;météo idéale;219
2017-08-08;22;19;7;15;22;19;21.1;98;8.625;1016;49;25;20;19;176;353;356;météo très défavorable;220
2017-08-09;26;18;6;11;24;25;0.9;77;7.875;1018;26.75;28;16;18;143;116;113;météo favorable;221
2017-08-10;24;15;5;11;22;22;1.8;84;7.875;1019;47.25;25;13;15;293;176;116;météo favorable;222
2017-08-11;17;11;4;8;14;16;6.2;94;7.25;1020;78.25;17;14;11;143;296;353;météo défavorable;223
2017-08-12;26;14;8;7;23;25;0;67;8.625;1022;8;27;14;14;116;113;113;météo favorable;224
2017-08-13;28;19;8;11;26;27;0;70;9.375;1022;8.25;29;18;19;113;113;116;météo idéale;225
2017-08-14;31;22;8;14;29;29;0;61;8.625;1021;3.375;32;18;22;113;113;113;météo idéale;226
2017-08-15;33;24;10;16;31;31;0.3;51;9.875;1022;3;33;15;24;113;113;113;météo idéale;227
2017-08-16;30;23;6;16;29;27;2.6;70;9.75;1023;11.25;32;20;23;176;113;116;météo idéale;228
2017-08-17;32;23;6;16;30;31;0;63;10;1022;0;35;20;23;113;113;113;météo favorable;229
2017-08-18;32;25;14;19;32;28;4.1;77;9.75;1020;18.125;33;19;25;113;113;116;météo favorable;230
2017-08-19;25;19;8;15;23;23;1.9;86;6.125;1022;56.125;25;17;19;248;176;113;météo correcte;231
2017-08-20;26;18;12;11;24;23;0;63;9;1023;1.375;26;13;18;143;113;113;météo idéale;232
2017-08-21;29;18;8;12;26;27;0;59;10;1024;0;29;15;18;113;113;113;météo idéale;233
2017-08-22;33;22;5;14;31;31;0;57;10;1022;0;34;18;22;113;113;113;météo idéale;234
2017-08-23;34;24;5;15;32;33;0.3;55;10;1019;0.5;35;18;24;113;113;113;météo favorable;235
2017-08-24;31;23;5;17;29;29;0.5;65;9.875;1020;31.25;34;20;23;176;176;176;météo favorable;236
2017-08-25;34;25;10;17;33;32;0;52;10;1021;0;34;17;25;113;113;113;météo idéale;237
2017-08-26;35;25;9;17;33;33;0;48;10;1020;0;35;16;25;113;113;113;météo favorable;238
2017-08-27;35;26;4;18;34;32;0.1;48;10;1020;4.625;35;16;26;113;116;113;météo favorable;239
2017-08-28;35;24;5;17;33;33;0.5;53;9.75;1019;9.5;37;18;24;113;176;113;météo favorable;240
2017-08-29;36;26;6;18;34;34;0;52;10;1017;0;38;18;26;113;113;113;météo favorable;241
2017-08-30;32;24;14;19;32;26;1.4;66;16.75;1017;24.25;32;17;24;113;113;116;météo idéale;242
2017-08-31;18;16;6;15;17;17;19.5;98;12.625;1020;78;19;17;17;176;308;266;météo très défavorable;243
2017-09-01;17;14;5;12;15;15;4.3;91;7.375;1020;75;17;13;14;266;176;176;météo défavorable;244
2017-09-02;16;13;8;11;15;14;16.2;92;8.125;1019;51.875;16;13;13;353;176;356;météo très défavorable;245
2017-09-03;22;14;7;8;20;20;0.1;78;6.375;1019;19;24;10;14;248;113;113;météo favorable;246
2017-09-04;26;19;5;10;25;24;0;57;10;1020;19.375;26;10;19;116;116;113;météo favorable;247
2017-09-05;28;21;6;12;27;25;0;65;10;1022;6;28;15;21;116;113;113;météo idéale;248
2017-09-06;20;16;6;14;18;18;1.4;96;7.875;1022;67.75;22;16;17;143;143;119;météo défavorable;249
2017-09-07;20;14;8;9;19;17;0;77;7;1021;45.625;20;12;14;143;119;116;météo correcte;250
2017-09-08;23;17;6;11;22;21;0;72;9;1017;19.75;25;13;17;119;113;113;météo favorable;251
2017-09-09;14;12;6;13;14;12;27.3;98;8.5;1009;51.375;15;13;12;113;302;302;météo très défavorable;252
2017-09-10;16;12;6;11;15;14;0;92;7.25;1010;80;16;11;12;143;122;119;météo défavorable;253
2017-09-11;18;12;6;10;16;14;3.4;89;8.625;1010;51;18;14;12;113;119;353;météo correcte;254
2017-09-12;18;12;6;11;15;17;15;93;8.875;1018;46.375;20;11;12;356;353;116;météo défavorable;255
2017-09-13;22;14;7;8;16;22;0;68;10;1020;36.75;24;14;14;113;119;116;météo correcte;256
2017-09-14;16;12;9;13;13;12;25.8;96;8.75;1019;34;16;14;12;113;356;299;météo très défavorable;257
2017-09-15;17;12;4;7;16;14;0;68;10;1019;0;17;7;12;113;113;113;météo correcte;258
2017-09-16;18;12;6;6;17;15;0;74;10;1014;13.875;18;9;12;113;116;116;météo favorable;259
2017-09-17;17;13;10;7;17;15;0;73;10;1016;41.75;17;9;13;116;116;116;météo correcte;260
2017-09-18;16;12;6;8;15;14;6.1;86;8.75;1018;46;17;10;12;296;116;113;météo correcte;261
2017-09-19;12;10;7;8;11;10;4;92;6.625;1021;63.625;13;10;10;119;176;353;météo défavorable;262
2017-09-20;18;10;9;3;16;16;0;83;6.625;1023;15.125;18;7;10;143;116;113;météo favorable;263
2017-09-21;24;15;4;6;22;22;0;56;10;1022;0;25;8;15;113;113;113;météo idéale;264
2017-09-22;23;17;6;8;23;20;0;68;10;1022;0;25;11;17;113;113;113;météo favorable;265
2017-09-23;23;17;5;9;23;21;0;72;10;1023;3.625;25;12;17;116;113;113;météo favorable;266
2017-09-24;24;18;6;10;23;21;0;66;10;1021;13;25;12;18;116;113;113;météo idéale;267
2017-09-25;22;17;4;9;22;17;0;81;10;1021;17;23;13;17;113;113;116;météo favorable;268
2017-09-26;21;15;6;10;20;18;0;83;9.375;1023;37;22;13;15;116;116;119;météo favorable;269
2017-09-27;23;17;5;8;23;22;0;74;6.625;1025;15.25;25;13;17;143;113;116;météo favorable;270
2017-09-28;25;18;5;10;24;22;0;65;10;1026;0;25;12;18;113;113;113;météo idéale;271
2017-09-29;26;19;4;10;25;23;0;57;10;1026;19.125;26;12;19;116;116;113;météo favorable;272
2017-09-30;21;13;8;10;21;13;8.6;98;8.375;1022;49.125;21;13;13;113;116;302;météo correcte;273
2017-10-01;21;13;6;9;19;20;0;85;5.875;1022;48.25;21;11;13;248;113;113;météo favorable;274
2017-10-02;18;12;3;10;16;18;6.8;90;9.5;1023;78.5;19;14;12;176;293;116;météo défavorable;275
2017-10-03;18;17;5;12;17;17;19.2;94;13.625;1025;69.25;19;16;17;353;356;116;météo très défavorable;276
2017-10-04;22;13;4;6;20;19;0;81;9.625;1027;24.875;24;12;13;143;113;116;météo favorable;277
2017-10-05;24;17;6;9;24;22;0;51;10;1025;0;25;10;17;113;113;113;météo idéale;278
2017-10-06;16;12;15;9;15;13;0;87;9;1024;32.5;16;9;11;119;116;113;météo correcte;279
2017-10-07;17;10;6;2;16;15;0;65;10;1026;24.5;17;4;10;113;113;122;météo correcte;280
2017-10-08;17;13;7;8;17;16;0;61;8.375;1022;40.5;18;10;13;119;119;116;météo correcte;281
2017-10-09;16;11;6;4;16;14;0;80;6.625;1021;44.75;16;9;11;143;116;116;météo correcte;282
2017-10-10;20;13;6;6;19;18;0;74;9;1022;1.875;20;10;13;143;113;113;météo favorable;283
2017-10-11;23;16;6;7;23;21;0;56;10;1024;0;25;10;16;113;113;113;météo favorable;284
2017-10-12;23;16;5;8;23;20;0;52;10;1027;4.25;25;11;15;113;113;113;météo favorable;285
2017-10-13;24;17;4;8;24;20;0;58;10;1028;12.375;25;12;17;113;113;122;météo idéale;286
2017-10-14;25;17;3;8;24;22;0;56;10;1029;0;25;11;17;113;113;113;météo idéale;287
2017-10-15;27;19;4;11;26;24;0;49;10;1029;0;27;13;19;113;113;113;météo idéale;288
2017-10-16;26;19;4;11;26;22;0;44;10;1029;2.75;26;11;19;113;113;113;météo idéale;289
2017-10-17;24;17;5;9;23;22;0;43;10;1028;1.375;25;10;17;113;113;113;météo idéale;290
2017-10-18;23;16;5;8;23;21;0;48;10;1022;0;25;9;16;113;113;113;météo favorable;291
2017-10-19;22;16;5;8;22;18;0;50;10;1016;24.25;24;10;16;113;116;116;météo favorable;292
2017-10-20;21;16;5;8;21;17;0;54;10;1020;16.75;22;10;16;113;113;116;météo favorable;293
2017-10-21;21;16;9;9;21;20;5.9;64;9.5;1021;24.375;23;12;16;113;113;116;météo favorable;294
2017-10-22;12;10;6;10;11;9;22.7;86;8.375;1023;61;13;10;10;116;176;356;météo très défavorable;295
2017-10-23;13;8;8;4;12;11;5.6;89;8.625;1026;57.25;13;8;8;143;119;116;météo correcte;296
2017-10-24;19;10;7;2;17;16;0;65;10;1027;1.875;19;10;10;113;113;113;météo favorable;297
2017-10-25;23;14;3;6;22;21;0;54;10;1027;8.5;25;12;14;119;113;113;météo favorable;298
2017-10-26;25;15;3;8;23;23;0;46;10;1027;24.875;26;12;14;113;122;113;météo correcte;299
2017-10-27;17;14;11;8;17;15;0.7;69;9.875;1027;12.625;17;12;14;113;116;176;météo correcte;300
2017-10-28;14;8;8;3;14;11;0;83;7;1028;23.75;14;6;8;143;113;113;météo correcte;301
2017-10-29;12;7;5;1;12;7;0.5;79;8.75;1025;40.75;12;8;7;113;113;176;météo défavorable;302
2017-10-30;13;7;9;4;11;11;0.3;85;6.375;1023;45.5;13;5;6;143;176;113;météo correcte;303
2017-10-31;16;7;5;0;14;13;0;72;8;1026;3.25;16;6;7;143;113;113;météo correcte;304
2017-11-01;18;10;3;2;17;14;0;56;10;1026;13.75;18;8;10;116;113;113;météo favorable;305
2017-11-02;17;11;5;4;17;14;0;64;10;1023;37.25;17;10;11;122;116;116;météo correcte;306
2017-11-03;19;12;3;5;18;16;0;67;10;1019;12.125;19;10;12;116;116;116;météo favorable;307
2017-11-04;18;12;5;6;18;14;0.1;59;9.625;1016;39.5;18;8;12;116;116;116;météo favorable;308
2017-11-05;9;8;8;8;8;6;45.1;98;7.25;1015;90;9;8;7;302;308;176;météo très défavorable;309
2017-11-06;7;4;15;3;6;5;5.6;84;7;1018;82.25;7;4;1;263;266;176;météo très défavorable;310
2017-11-07;7;5;6;3;7;6;0.2;88;6.375;1018;87.875;7;4;4;143;119;176;météo très défavorable;311
2017-11-08;7;4;3;2;7;5;2.6;90;4.75;1020;88.25;7;4;4;266;266;176;météo très défavorable;312
2017-11-09;7;5;6;3;7;6;0.9;90;5.625;1026;89.25;7;4;4;266;176;122;météo très défavorable;313
2017-11-10;9;5;4;4;8;7;1.2;88;4.75;1027;83;9;4;5;143;116;176;météo très défavorable;314
2017-11-11;9;7;5;3;9;7;15.9;88;5.625;1023;87.125;9;7;7;266;119;302;météo défavorable;315
2017-11-12;12;9;13;7;12;8;44.2;94;6.875;1016;93.5;12;9;8;302;353;302;météo très défavorable;316
2017-11-13;5;4;20;3;5;3;6.3;89;8.375;1019;73;5;2;0;317;266;176;météo très défavorable;317
2017-11-14;8;3;8;2;7;5;0;79;10;1024;12.5;8;1;1;116;116;116;météo très défavorable;318
2017-11-15;10;5;5;3;9;7;0;64;10;1025;11.5;10;2;5;113;113;116;météo très défavorable;319
2017-11-16;10;6;5;1;10;7;0;58;10;1024;47.75;10;1;6;116;113;122;météo défavorable;320
2017-11-17;9;3;6;-3;9;7;0;60;10;1024;8.75;9;2;3;116;116;116;météo très défavorable;321
2017-11-18;10;4;6;-2;10;6;0;76;8.375;1025;8.625;10;4;4;116;113;116;météo très défavorable;322
2017-11-19;9;4;4;-2;9;5;0.2;76;9.625;1025;45.625;9;5;4;116;176;116;météo très défavorable;323
2017-11-20;10;4;4;-2;10;7;0;70;10;1025;5;10;3;4;116;116;116;météo très défavorable;324
2017-11-21;13;6;4;0;13;10;0;59;10;1024;16.5;13;4;6;116;116;116;météo correcte;325
2017-11-22;17;9;5;4;17;14;0;59;10;1020;2.625;17;8;9;113;113;113;météo correcte;326
2017-11-23;14;8;7;2;14;12;0;61;10;1020;21;14;7;7;116;116;116;météo correcte;327
2017-11-24;14;9;5;4;14;11;0.2;68;9.375;1020;41.5;14;8;9;116;116;119;météo correcte;328
2017-11-25;8;7;5;6;8;7;42.6;97;7.25;1021;81.375;8;8;7;266;308;293;météo très défavorable;329
2017-11-26;5;2;5;1;4;2;2.3;88;9.75;1031;60.875;5;3;2;368;116;176;météo très défavorable;330
2017-11-27;6;2;3;-2;6;4;0;69;10;1032;18.5;6;0;1;116;116;116;météo très défavorable;331
2017-11-28;8;4;5;0;8;5;2;62;8.75;1023;44.75;8;1;3;116;116;122;météo très défavorable;332
2017-11-29;5;3;4;1;5;2;6.7;92;7.625;1011;77.375;5;3;3;296;176;263;météo très défavorable;333
2017-11-30;3;1;5;0;3;1;7.2;87;3.375;1012;94.25;3;1;1;332;338;338;météo très défavorable;334
2017-12-01;1;0;6;0;1;-1;11.2;93;2.75;1016;87.5;1;0;-2;395;338;338;météo très défavorable;335
2017-12-02;2;-2;8;-3;1;-1;0;87;6;1022;66.5;2;0;-4;143;116;119;météo très défavorable;336
2017-12-03;1;-2;6;-3;0;-1;0.2;91;7.25;1030;43.5;2;0;-4;329;323;323;météo très défavorable;337
2017-12-04;4;-2;4;-6;3;1;0;86;8.375;1036;35.375;4;2;-2;116;116;116;météo très défavorable;338
2017-12-05;5;-1;4;-5;5;2;0;89;8.625;1038;17.125;5;3;-1;116;116;143;météo très défavorable;339
2017-12-06;9;2;2;-3;8;5;0;79;10;1038;0.75;9;5;2;113;113;113;météo très défavorable;340
2017-12-07;10;4;5;-1;10;7;0;76;10;1034;16;10;6;3;113;113;113;météo très défavorable;341
2017-12-08;5;4;6;3;5;3;53.9;96;6.375;1024;95.875;5;4;3;308;302;353;météo très défavorable;342
2017-12-09;1;0;5;-1;1;-2;13;94;7.5;1023;75.625;1;0;-2;371;371;371;météo très défavorable;343
2017-12-10;6;3;10;0;6;5;51.6;95;6.25;1020;95.25;7;6;1;122;308;308;météo très défavorable;344
2017-12-11;8;7;6;6;8;5;50.9;97;7.125;996;94.25;8;7;6;296;296;308;météo très défavorable;345
2017-12-12;4;3;5;3;4;2;13.4;96;7.625;1021;72.125;4;3;3;302;296;263;météo très défavorable;346
2017-12-13;5;-1;7;-3;4;5;13;73;9.125;1024;43.625;5;4;-3;116;116;296;météo très défavorable;347
2017-12-14;8;7;15;7;8;7;30.4;94;8.125;1013;88;8;6;5;296;176;353;météo très défavorable;348
2017-12-15;5;4;6;3;5;3;24;88;12.375;1006;79.5;6;4;2;308;263;176;météo très défavorable;349
2017-12-16;3;2;6;2;3;1;22.7;97;7;1022;86.75;3;3;1;395;317;317;météo très défavorable;350
2017-12-17;3;-1;4;-4;3;1;1.9;90;7.375;1031;60.75;3;0;-1;335;119;119;météo très défavorable;351
2017-12-18;4;-1;6;-5;3;1;14.5;95;7.375;1032;79.625;4;3;-3;122;338;296;météo très défavorable;352
2017-12-19;3;-3;4;-7;3;0;0.1;89;10;1036;31.5;3;2;-3;116;116;119;météo très défavorable;353
2017-12-20;4;-1;3;-5;4;1;0.2;91;8.375;1036;56.625;4;3;-1;116;116;143;météo très défavorable;354
2017-12-21;5;0;3;-4;5;3;0;85;9.625;1037;23.125;5;3;-1;116;116;116;météo très défavorable;355
2017-12-22;7;2;4;-2;7;3;0.2;93;6.625;1036;59.25;7;5;2;116;116;248;météo très défavorable;356
2017-12-23;6;0;4;-2;5;2;0.1;92;4.625;1036;43.25;6;4;0;143;116;143;météo très défavorable;357
2017-12-24;9;3;3;-1;9;6;0;85;9.625;1036;2;9;7;3;113;113;113;météo très défavorable;358
2017-12-25;9;3;5;-2;9;5;0;77;10;1029;35.75;9;5;2;116;122;116;météo très défavorable;359
2017-12-26;6;3;6;-2;6;4;6.4;96;8.375;1020;56.5;6;6;1;116;266;293;météo très défavorable;360
2017-12-27;6;4;9;3;6;3;17.9;90;7.375;1004;86.5;6;4;2;176;296;302;météo très défavorable;361
2017-12-28;2;1;5;0;2;-2;18.9;94;5.125;1013;76.875;2;1;-1;338;335;371;météo très défavorable;362
2017-12-29;3;-5;6;-9;1;1;8.8;73;9.25;1018;52;4;4;-8;116;116;296;météo très défavorable;363
2017-12-30;7;5;8;5;6;6;67.8;98;6.25;1021;98.625;7;6;3;302;308;308;météo très défavorable;364
2017-12-31;9;4;6;2;9;4;2.3;86;9.875;1023;48.75;9;6;2;116;122;116;météo très défavorable;365
2018-01-01;7;5;10;4;7;6;34.1;90;7.125;1020;79.625;7;4;4;308;353;263;météo très défavorable;366
2018-01-02;7;3;5;1;6;3;15.3;95;7.125;1023;87;7;4;2;356;353;116;météo très défavorable;367
2018-01-03;10;8;17;9;10;6;26.7;91;7.625;1021;95.875;10;9;6;353;296;356;météo très défavorable;368
2018-01-04;10;8;12;6;10;9;83.9;97;5.125;1017;98.625;10;9;6;308;308;302;météo très défavorable;369
2018-01-05;10;9;7;8;10;7;9.7;93;7.5;1011;78.75;10;9;8;296;263;176;météo défavorable;370
2018-01-06;11;5;5;2;10;8;0.2;82;10;1010;35.25;11;8;4;176;116;116;météo très défavorable;371
2018-01-07;9;3;7;1;9;5;0;82;10;1016;46.25;9;6;1;116;116;116;météo très défavorable;372
2018-01-08;11;5;6;2;10;8;0;81;10;1017;50.625;11;7;4;119;116;116;météo très défavorable;373
2018-01-09;9;5;5;2;8;8;9.5;89;8.25;1018;83.5;9;7;4;293;266;176;météo très défavorable;374
2018-01-10;8;2;5;-2;7;6;0.2;75;9.375;1019;49.75;8;4;1;116;116;116;météo très défavorable;375
2018-01-11;8;3;6;0;7;5;0.7;83;8.125;1019;53;8;5;2;176;116;116;météo très défavorable;376
2018-01-12;7;3;5;2;6;4;0;87;7.625;1024;33.375;7;3;3;143;116;116;météo très défavorable;377
2018-01-13;10;3;4;0;8;8;0;70;10;1025;4.75;11;2;2;116;116;116;météo très défavorable;378
2018-01-14;8;2;5;-1;7;5;0;62;10;1023;40.625;8;0;1;116;119;116;météo très défavorable;379
2018-01-15;8;2;8;-2;7;5;3.3;73;9.75;1024;46.75;8;3;1;116;116;122;météo très défavorable;380
2018-01-16;8;7;13;6;8;8;34.6;92;7;1016;94.875;8;7;5;302;296;302;météo très défavorable;381
2018-01-17;7;4;18;5;4;3;30.1;85;7.875;1023;79.25;7;7;0;356;362;362;météo très défavorable;382
2018-01-18;7;4;9;2;6;7;30.1;92;7.5;1024;94.75;7;6;1;176;302;302;météo très défavorable;383
2018-01-19;8;6;5;6;7;5;21;94;8.125;1019;81.75;8;7;6;353;293;176;météo très défavorable;384
2018-01-20;5;1;8;-1;4;3;21.4;86;6.75;1020;89.5;6;5;-1;182;122;302;météo très défavorable;385
2018-01-21;6;5;6;5;6;3;41.4;97;6.625;1018;97.75;6;6;4;356;302;302;météo très défavorable;386
2018-01-22;10;7;12;4;9;7;91.7;97;6;1020;98.625;10;9;5;308;308;389;météo très défavorable;387
2018-01-23;10;5;4;4;8;7;10.2;95;7.375;1030;53.875;10;8;5;248;176;116;météo très défavorable;388
2018-01-24;15;5;5;0;13;12;0;73;10;1031;6.75;15;10;4;116;116;116;météo correcte;389
2018-01-25;13;5;5;1;11;10;0;74;10;1026;31.875;13;7;4;116;116;119;météo correcte;390
2018-01-26;7;5;5;2;7;4;3.9;93;8.375;1022;75.75;7;6;5;119;263;296;météo très défavorable;391
2018-01-27;9;4;4;-1;8;7;2;87;8.375;1036;51.375;10;6;4;176;116;116;météo très défavorable;392
2018-01-28;10;4;5;-1;9;8;0;77;10;1039;11.75;11;6;4;116;116;116;météo très défavorable;393
2018-01-29;10;4;4;-1;10;7;0;84;8.375;1038;34.5;10;7;4;116;116;116;météo très défavorable;394
2018-01-30;10;4;4;1;9;8;0.1;83;7.5;1033;51.25;10;6;4;116;116;119;météo très défavorable;395
2018-01-31;11;5;6;1;9;10;0.1;73;16.75;1029;23.125;12;5;4;116;116;116;météo très défavorable;396
2018-02-01;6;4;6;4;5;4;45.4;96;7.5;1014;72.5;6;4;3;308;302;176;météo très défavorable;397
2018-02-02;5;2;9;0;4;3;0.1;79;9.375;1011;41.625;5;0;1;332;116;116;météo très défavorable;398
2018-02-03;4;1;5;-1;3;1;0.7;82;9;1010;68.375;4;0;1;116;332;362;météo très défavorable;399
2018-02-04;6;1;5;-2;6;3;0;69;9.875;1018;39.375;6;0;0;116;116;116;météo très défavorable;400
2018-02-05;5;1;5;-1;4;4;1.3;83;9;1020;67;7;1;0;122;317;263;météo très défavorable;401
2018-02-06;9;4;4;1;8;7;0.1;78;9.375;1018;72.25;10;1;3;122;116;119;météo très défavorable;402
2018-02-07;2;0;6;0;2;1;0.8;85;6.375;1015;98.375;2;0;-1;332;332;332;météo très défavorable;403
2018-02-08;4;1;5;-1;3;1;0.9;86;7.125;1019;88.375;4;0;-1;332;326;122;météo très défavorable;404
2018-02-09;8;2;5;-4;7;4;0.2;78;9.375;1020;36.125;8;0;2;116;113;116;météo très défavorable;405
2018-02-10;3;0;7;-1;3;1;6.3;88;4;1020;88.875;3;0;-1;338;332;332;météo très défavorable;406
2018-02-11;5;1;4;-3;4;3;10.1;95;9;1020;83.25;5;3;0;116;266;302;météo très défavorable;407
2018-02-12;3;0;11;1;2;0;10.5;91;8.625;1021;75;3;2;-2;317;371;179;météo très défavorable;408
2018-02-13;6;0;4;-2;4;3;0.7;58;9.375;1022;32.125;6;0;-1;113;113;119;météo très défavorable;409
2018-02-14;7;2;3;0;6;6;3;81;7;1019;69.875;9;2;1;338;332;116;météo très défavorable;410
2018-02-15;7;3;6;-1;6;5;21.3;96;8.5;1023;92.625;7;7;2;296;302;296;météo très défavorable;411
2018-02-16;13;7;4;5;10;11;8.2;92;8.75;1024;69.625;14;10;6;263;302;116;météo défavorable;412
2018-02-17;8;7;7;4;8;7;27.3;98;7.75;1022;83.25;8;8;6;116;296;302;météo très défavorable;413
2018-02-18;6;2;7;1;5;4;0.9;91;7.875;1023;65;6;4;1;317;116;176;météo très défavorable;414
2018-02-19;8;5;4;2;8;5;0;72;10;1023;12.25;8;0;5;113;116;116;météo très défavorable;415
2018-02-20;7;3;10;-1;7;4;0;70;10;1017;27.625;7;0;3;116;116;116;météo très défavorable;416
2018-02-21;5;1;8;-2;4;2;0;71;10;1015;9.25;5;0;-1;116;116;116;météo très défavorable;417
2018-02-22;5;0;7;-2;4;2;0;75;10;1012;46.125;5;0;-2;116;116;119;météo très défavorable;418
2018-02-23;7;0;6;-3;4;5;0;74;10;1011;41.125;7;0;-2;116;116;116;météo très défavorable;419
2018-02-24;7;1;6;-2;6;4;0;80;10;1011;24.25;7;0;0;116;116;116;météo très défavorable;420
2018-02-25;5;1;10;-2;5;2;0;78;10;1015;23.625;5;0;-1;116;116;116;météo très défavorable;421
2018-02-26;-2;-5;13;-5;-3;-5;0;62;10;1016;15.5;0;0;-9;116;116;116;météo très défavorable;422
2018-02-27;-2;-8;7;-10;-4;-4;0;56;10;1015;13.25;0;0;-12;116;116;116;météo très défavorable;423
2018-02-28;4;-4;5;-9;2;2;0;47;10;1016;38.75;4;0;-6;116;116;119;météo très défavorable;424
2018-03-01;9;1;7;-2;7;8;2.9;79;8.5;1008;70.25;10;3;-1;314;263;116;météo très défavorable;425
2018-03-02;5;2;6;-1;4;4;27;97;8.625;1002;65.25;5;5;0;116;308;296;météo très défavorable;426
2018-03-03;8;1;6;0;4;6;7.5;96;7.125;1003;71.375;8;6;1;281;302;176;météo très défavorable;427
2018-03-04;13;2;6;-3;11;11;1;87;9;1004;38.375;14;7;1;116;116;116;météo correcte;428
2018-03-05;13;7;5;3;12;11;1;85;9.875;1001;37;13;8;6;176;116;116;météo correcte;429
2018-03-06;10;4;4;0;7;7;6.6;93;9.25;996;77.125;10;7;4;119;296;176;météo très défavorable;430
2018-03-07;8;5;9;2;8;6;10;83;9.25;1009;74.5;8;3;3;296;176;353;météo très défavorable;431
2018-03-08;13;4;8;-2;11;12;4.2;72;9.625;1012;40.5;13;3;3;311;116;116;météo correcte;432
2018-03-09;16;7;8;0;14;13;0;75;10;1014;33.5;16;6;7;116;116;116;météo correcte;433
2018-03-10;18;7;8;4;14;17;10;90;8;1012;60.375;18;11;6;266;302;116;météo correcte;434
2018-03-11;13;8;5;5;10;13;3.9;86;9.5;1005;56.875;15;9;7;116;293;116;météo correcte;435
2018-03-12;11;7;9;4;10;9;21.9;90;8.625;1008;90.25;11;7;5;176;296;356;météo très défavorable;436
2018-03-13;10;5;7;4;7;9;25.4;90;8.375;1015;63.75;11;6;3;353;302;116;météo très défavorable;437
2018-03-14;17;6;3;0;14;16;0;69;10;1016;20.75;17;4;6;116;122;116;météo correcte;438
2018-03-15;8;4;5;2;8;4;26.8;96;6.625;1005;75.625;8;7;4;116;302;308;météo très défavorable;439
2018-03-16;16;7;4;0;14;13;1.8;68;9.75;1005;49.25;16;6;6;116;116;116;météo correcte;440
2018-03-17;7;5;6;6;6;5;20.7;96;8.25;1002;90.5;8;5;4;296;302;296;météo très défavorable;441
2018-03-18;7;5;7;2;7;5;0.3;86;9.375;1002;71.5;7;3;4;116;122;353;météo très défavorable;442
2018-03-19;8;4;6;1;8;5;1.1;82;6.625;1006;68;8;2;4;338;116;119;météo très défavorable;443
2018-03-20;6;2;17;-2;5;3;0;76;10;1015;51.875;6;0;-1;116;326;116;météo très défavorable;444
2018-03-21;6;1;16;-2;5;3;0;58;10;1025;15.625;6;0;-3;116;116;116;météo très défavorable;445
2018-03-22;9;2;13;-2;7;8;0;60;10;1026;17.25;10;0;1;116;116;116;météo très défavorable;446
2018-03-23;8;4;6;-3;8;7;0.5;83;9.25;1015;64.625;9;3;3;326;119;116;météo très défavorable;447
2018-03-24;15;8;6;-1;15;13;0.5;69;9.875;1003;20.375;15;3;8;116;116;116;météo correcte;448
2018-03-25;13;8;6;3;12;11;6.1;82;9.625;1009;73.5;13;7;9;353;119;176;météo défavorable;449
2018-03-26;12;7;8;1;12;11;4.1;82;7.875;1017;61;13;5;7;143;116;353;météo défavorable;450
2018-03-27;11;6;6;0;11;7;8.4;89;8.25;1020;79.875;11;5;6;116;122;296;météo défavorable;451
2018-03-28;12;10;9;7;11;10;21.3;90;8.25;1016;88.5;12;10;9;296;176;293;météo très défavorable;452
2018-03-29;13;9;7;5;11;12;22;88;8.625;1010;78;14;7;8;296;353;176;météo très défavorable;453
2018-03-30;14;8;12;1;14;8;26.1;94;8.625;1008;53.375;14;8;8;116;116;356;météo très défavorable;454
2018-03-31;12;8;4;3;12;8;26.4;81;8;1005;64.375;12;6;8;176;116;356;météo très défavorable;455
2018-04-01;11;6;5;4;8;9;20.5;91;7.375;1016;81.875;11;6;5;302;266;176;météo très défavorable;456
2018-04-02;18;10;9;0;17;16;0;69;10;1017;58;18;7;10;116;116;122;météo correcte;457
2018-04-03;20;12;11;4;19;18;0.2;69;9.875;1012;51;20;7;11;116;116;200;météo favorable;458
2018-04-04;16;11;15;6;16;11;15.7;83;8.75;1012;54.625;16;10;10;116;116;356;météo défavorable;459
2018-04-05;15;9;6;5;14;13;10.2;83;9.375;1020;65;15;8;9;296;353;353;météo défavorable;460
2018-04-06;23;13;5;3;21;21;0;63;10;1020;5.5;24;8;13;116;116;116;météo favorable;461
2018-04-07;22;15;5;6;21;20;0;62;10;1017;19.5;24;9;14;116;116;116;météo favorable;462
2018-04-08;22;16;4;7;22;16;0.1;78;10;1013;37.5;23;12;16;119;116;176;météo favorable;463
2018-04-09;16;12;8;11;16;12;4.3;91;9.125;1009;62.625;16;11;12;122;116;353;météo correcte;464
2018-04-10;15;7;4;5;10;15;3.7;94;9.25;1007;44.375;17;7;7;116;302;116;météo correcte;465
2018-04-11;18;11;8;4;17;15;0;64;10;1008;50;18;6;10;116;119;119;météo correcte;466
2018-04-12;17;11;7;5;16;14;2.5;78;7.875;1004;64.25;17;7;11;266;116;353;météo correcte;467
2018-04-13;17;11;7;3;16;15;2.2;73;9.75;1017;60.125;17;7;12;116;116;176;météo correcte;468
2018-04-14;17;12;6;5;17;15;0.9;79;8.75;1020;67.25;17;10;12;119;176;263;météo défavorable;469
2018-04-15;21;15;8;7;21;17;4.9;81;9.5;1020;51.875;22;12;15;116;116;176;météo favorable;470
2018-04-16;18;12;8;6;17;16;4.2;86;7.875;1018;78.375;18;11;12;248;119;353;météo défavorable;471
2018-04-17;23;15;7;7;22;21;0;72;8.625;1025;7.25;24;11;15;116;116;116;météo favorable;472
2018-04-18;24;18;5;11;24;22;0.4;72;9.875;1028;28;25;14;19;116;116;176;météo favorable;473
2018-04-19;26;20;6;10;26;25;0;59;10;1029;3.25;27;11;20;116;116;116;météo favorable;474
2018-04-20;27;20;5;10;27;25;0;60;10;1027;4.125;27;12;20;116;116;116;météo favorable;475
2018-04-21;28;20;4;11;28;26;0;57;10;1025;4.75;28;12;20;116;116;116;météo favorable;476
2018-04-22;26;21;7;12;26;24;1.2;61;9.625;1021;54.875;26;14;21;176;116;176;météo favorable;477
2018-04-23;24;18;8;12;24;18;2.1;78;9.75;1020;53.5;25;13;18;116;116;353;météo favorable;478
2018-04-24;24;18;6;10;24;22;0.3;67;18;1020;18.25;25;12;18;116;116;116;météo favorable;479
2018-04-25;24;20;9;11;24;22;2.9;77;10.5;1018;33.25;25;13;20;116;116;176;météo favorable;480
2018-04-26;17;11;9;9;14;17;0.9;88;6.625;1019;58.5;19;10;11;143;176;116;météo correcte;481
2018-04-27;24;17;11;9;23;23;0.5;61;10;1017;8.625;26;10;17;116;116;116;météo favorable;482
2018-04-28;22;16;8;9;22;20;9.1;84;9.625;1015;50.875;23;14;17;116;116;386;météo correcte;483
2018-04-29;25;19;13;10;25;21;3.7;67;9.625;1010;31.75;25;11;19;116;116;116;météo favorable;484
2018-04-30;15;12;14;8;14;12;18.9;78;15.75;1012;71.25;15;8;11;119;176;176;météo très défavorable;485
2018-05-01;11;11;6;11;11;11;11.8;98;10.875;1014;85.375;13;9;7;296;176;353;météo défavorable;486
2018-05-02;14;14;8;14;14;14;0.6;92;9.625;1013;70.375;18;10;7;248;116;116;météo défavorable;487
2018-05-03;13;13;11;13;13;13;0.4;96;7;1012;89.25;15;10;8;248;176;176;météo défavorable;488
2018-05-04;18;18;8;18;18;18;0;94;6.625;1014;64.375;23;13;10;248;119;116;météo correcte;489
2018-05-05;21;21;8;21;21;21;6.3;94;11.75;1017;38;25;16;12;116;116;353;météo favorable;490
2018-05-06;22;22;7;22;22;22;2.1;92;18.875;1018;40.625;26;17;12;116;116;200;météo favorable;491
2018-05-07;22;22;6;22;22;22;14.5;93;17.5;1016;61.875;26;18;13;176;116;356;météo défavorable;492
2018-05-08;22;22;6;22;22;22;8.3;92;16.5;1014;76.5;25;17;14;176;176;356;météo défavorable;493
2018-05-09;17;17;6;17;17;17;5.5;97;8.25;1009;69.375;18;16;13;143;176;353;météo défavorable;494
2018-05-10;13;13;6;13;13;13;24;98;6;1017;94.875;14;12;12;356;296;266;météo très défavorable;495
2018-05-11;19;19;6;19;19;19;3.1;93;6.75;1018;52.875;25;16;9;143;116;176;météo favorable;496
2018-05-12;20;20;6;20;20;20;18.9;95;7.75;1017;55;25;17;14;143;116;356;météo très défavorable;497
2018-05-13;8;8;10;8;8;8;23.5;99;5.75;1014;93.875;12;9;3;266;266;302;météo très défavorable;498
2018-05-14;11;11;6;11;11;11;10.8;98;6.375;1013;96.5;12;10;7;296;266;353;météo défavorable;499
2018-05-15;13;13;6;13;13;13;16.8;98;7.125;1014;91.375;16;14;9;302;176;353;météo très défavorable;500
2018-05-16;15;15;6;15;15;15;15.7;98;8.75;1016;81;17;14;11;353;353;356;météo défavorable;501
2018-05-17;17;17;10;17;17;17;1.1;94;7.875;1017;53.75;20;13;9;143;116;176;météo correcte;502
2018-05-18;20;20;8;20;20;20;0;89;7.625;1018;14.875;25;13;11;143;116;116;météo favorable;503
2018-05-19;19;19;8;19;19;19;3.1;89;7;1019;31.625;23;14;11;143;116;176;météo favorable;504
2018-05-20;20;20;7;20;20;20;0.2;87;9.25;1018;37;25;12;11;116;116;116;météo favorable;505
2018-05-21;21;21;6;21;21;21;4.1;88;9.25;1016;61.625;25;15;11;176;116;386;météo correcte;506
2018-05-22;18;18;4;18;18;18;11.7;93;8.375;1015;75.125;20;17;13;176;176;356;météo défavorable;507
2018-05-23;20;13;5;13;20;19;11.8;94;7;1019;83.75;20;17;12;143;353;356;météo défavorable;508
2018-05-24;25;12;7;12;25;22;0.3;90;9.625;1020;23.5;26;14;13;116;116;116;météo favorable;509
2018-05-25;29;14;5;14;28;26;0;77;11;1019;11.125;29;15;14;116;116;116;météo favorable;510
2018-05-26;26;14;5;14;24;26;0.7;79;9;1020;41;28;16;14;176;116;200;météo favorable;511
2018-05-27;30;14;6;14;30;25;0.8;84;16.125;1020;60.625;30;15;15;176;176;200;météo correcte;512
2018-05-28;24;14;8;14;24;22;6.5;95;10.75;1019;61.875;26;19;14;116;116;353;météo correcte;513
2018-05-29;24;15;5;15;24;21;4.3;94;7.625;1019;59.875;26;17;15;176;176;353;météo correcte;514
2018-05-30;24;13;6;13;24;20;14.8;93;8.625;1016;67.875;25;17;13;176;116;356;météo défavorable;515
2018-05-31;21;14;5;14;21;20;18.1;91;15.875;1019;56.75;23;17;14;116;176;356;météo très défavorable;516
2018-06-01;24;13;7;13;23;23;1.5;90;9.875;1020;30.375;26;16;13;116;116;116;météo favorable;517
2018-06-02;27;15;7;15;26;24;0.7;89;7.875;1021;26.25;27;18;15;143;116;116;météo favorable;518
2018-06-03;26;15;6;15;26;22;26.4;96;7.625;1019;78;27;19;15;356;176;356;météo très défavorable;519
2018-06-04;23;15;6;15;23;21;15;94;9;1015;73.875;25;18;16;176;116;353;météo défavorable;520
2018-06-05;26;15;6;15;26;24;9.9;96;8.375;1011;65.375;27;18;15;143;116;386;météo défavorable;521
2018-06-06;25;15;6;15;25;21;17.5;93;8.375;1015;72.875;26;19;15;176;176;356;météo très défavorable;522
2018-06-07;25;15;5;15;24;22;5.7;96;8.5;1017;67.125;26;18;16;296;386;353;météo défavorable;523
2018-06-08;25;15;5;15;24;23;3.5;96;8.625;1015;71.5;26;19;15;353;176;176;météo défavorable;524
2018-06-09;28;16;6;16;27;24;4.9;94;8.25;1015;51.625;28;20;16;143;116;176;météo favorable;525
2018-06-10;30;17;10;17;29;27;0.5;89;9.875;1015;22;30;18;17;116;116;116;météo favorable;526
2018-06-11;26;15;7;15;25;23;16.7;95;8.125;1013;55.75;28;21;15;116;263;356;météo très défavorable;527
2018-06-12;20;15;5;16;20;19;14.9;98;8.875;1011;78.875;20;18;15;353;353;356;météo défavorable;528
2018-06-13;16;11;10;13;15;14;8.1;99;7.625;1013;85;16;15;10;296;296;353;météo défavorable;529
2018-06-14;22;11;10;11;20;21;0.1;95;7.125;1015;64.375;25;14;11;248;176;116;météo correcte;530
2018-06-15;24;13;9;13;23;22;0;92;7.875;1016;51.625;25;15;14;248;116;116;météo favorable;531
2018-06-16;25;14;8;14;25;23;2;94;7.75;1017;42;26;19;14;143;116;176;météo favorable;532
2018-06-17;20;15;6;15;20;18;4;98;6;1020;86.875;20;17;15;248;266;353;météo défavorable;533
2018-06-18;24;13;9;13;23;21;0.3;93;6.75;1022;56.625;25;15;13;143;119;116;météo correcte;534
2018-06-19;29;14;8;14;27;26;0;91;7.5;1024;21.25;29;16;14;248;113;116;météo favorable;535
2018-06-20;30;17;6;17;29;27;1.8;88;8.875;1023;43.625;32;20;17;143;116;299;météo favorable;536
2018-06-21;30;20;9;20;30;27;0.6;90;9.875;1021;27.25;31;19;20;116;116;116;météo favorable;537
2018-06-22;24;14;17;14;22;21;1.7;96;7.625;1022;54.625;25;14;14;248;176;116;météo favorable;538
2018-06-23;25;14;10;14;24;23;0;78;10;1024;10.125;25;12;13;116;113;116;météo favorable;539
2018-06-24;25;14;10;14;24;23;0.5;84;9.875;1022;46.375;26;15;14;116;116;116;météo favorable;540
2018-06-25;26;14;12;14;24;24;0.1;90;8;1020;21.25;26;14;14;143;116;116;météo favorable;541
2018-06-26;28;16;8;16;26;25;0;87;8;1021;4.375;27;15;16;143;116;116;météo favorable;542
2018-06-27;28;18;11;18;27;26;0;82;10;1020;1.625;27;16;18;116;113;116;météo idéale;543
2018-06-28;27;17;8;17;25;25;0;80;10;1016;1.75;26;14;17;113;113;116;météo idéale;544
2018-06-29;28;15;5;15;27;27;0.1;82;17.25;1014;21.25;29;18;15;116;116;116;météo favorable;545
2018-06-30;32;17;5;17;31;30;0;80;19.75;1014;7.375;33;19;17;116;116;116;météo favorable;546
2018-07-01;35;29;6;20;35;33;0;71;10;1013;3;36;19;29;113;113;116;météo favorable;547
2018-07-02;32;26;8;21;32;30;0.4;79;10;1015;12.875;32;19;26;116;113;116;météo idéale;548
2018-07-03;30;25;7;19;29;28;16.5;75;8.75;1017;81.75;31;20;25;356;386;176;météo très défavorable;549
2018-07-04;33;27;5;18;32;32;7.8;74;9.5;1019;41.5;34;17;27;176;116;116;météo favorable;550
2018-07-05;23;19;7;17;23;21;37.5;94;7;1018;77.375;25;19;19;176;356;356;météo très défavorable;551
2018-07-06;25;19;11;15;23;24;6.1;88;9.625;1020;73.625;26;17;19;353;353;176;météo défavorable;552
2018-07-07;28;22;12;16;26;26;0;79;9;1021;6.875;28;16;22;116;116;116;météo favorable;553
2018-07-08;29;24;12;18;28;26;0;80;10;1021;12.875;29;17;24;116;116;116;météo favorable;554
2018-07-09;29;23;11;18;28;27;0;80;8;1021;13.125;29;17;23;143;116;116;météo favorable;555
2018-07-10;27;22;10;17;26;24;0;83;8;1019;25.125;27;17;22;143;116;116;météo favorable;556
2018-07-11;26;18;10;14;24;24;0.1;83;7.875;1017;46.375;26;14;18;248;119;116;météo correcte;557
2018-07-12;28;21;6;14;26;25;0;76;8;1018;20.125;28;15;21;143;119;116;météo correcte;558
2018-07-13;30;24;7;17;30;27;0;66;10;1020;5.125;30;16;24;116;116;116;météo favorable;559
2018-07-14;33;26;9;16;32;31;1.7;87;9.875;1021;35.5;34;16;26;176;116;116;météo favorable;560
2018-07-15;32;26;8;17;31;30;4.4;75;9.625;1019;49.375;31;16;26;386;116;200;météo favorable;561
2018-07-16;30;23;10;15;29;27;5.6;67;9.5;1016;41.25;29;15;23;299;116;116;météo favorable;562
2018-07-17;27;23;9;17;26;25;0.7;81;9.75;1017;55.25;28;17;23;176;116;176;météo correcte;563
2018-07-18;31;24;6;16;30;28;0;71;10;1019;6.75;31;17;24;116;116;116;météo favorable;564
2018-07-19;31;25;7;18;30;29;0.2;74;10;1017;29;31;18;25;176;116;116;météo favorable;565
2018-07-20;33;27;6;19;33;31;3.5;92;9.75;1017;34.75;33;16;27;176;116;116;météo favorable;566
2018-07-21;25;18;8;15;23;23;15.5;93;7.375;1014;81.125;26;18;18;248;296;386;météo défavorable;567
2018-07-22;27;21;13;15;26;25;1;82;16.875;1015;30.625;27;16;21;143;116;116;météo favorable;568
2018-07-23;29;22;11;16;27;27;0;79;19.375;1016;20.5;29;17;22;143;116;116;météo favorable;569
2018-07-24;31;25;7;18;30;28;0;70;19.125;1016;12.875;31;19;25;116;116;116;météo favorable;570
2018-07-25;31;25;8;19;30;29;0;73;18.875;1015;14;31;18;25;116;116;116;météo favorable;571
2018-07-26;31;24;8;19;30;28;1.2;81;18.75;1016;26.75;32;20;24;116;116;116;météo favorable;572
2018-07-27;31;25;7;18;30;29;0.9;77;18.125;1016;39.375;32;20;25;116;116;116;météo favorable;573
2018-07-28;32;26;8;19;31;29;0.1;73;19;1016;20.25;33;19;26;116;116;116;météo favorable;574
2018-07-29;33;27;8;19;32;32;0;78;16.375;1015;12.625;34;19;27;116;116;116;météo favorable;575
2018-07-30;32;26;8;19;31;29;0;69;10;1015;12.25;33;19;26;116;116;116;météo favorable;576
2018-07-31;34;27;6;20;32;31;0;69;10;1017;12.25;35;19;27;116;116;116;météo favorable;577
2018-08-01;35;7;5;19;25;33;0;51;10;1019;5.25;37;18;28;116;116;116;météo favorable;578
2018-08-02;36;22;5;17;25;34;0.5;66;9.875;1019;15.5;37;15;22;116;116;176;météo favorable;579
2018-08-03;36;22;6;17;25;35;0.9;65;9.75;1019;22.75;37;17;22;116;116;176;météo favorable;580
2018-08-04;34;22;9;18;25;33;1.1;68;9.875;1018;38.25;35;17;22;176;116;176;météo favorable;581
2018-08-05;34;28;8;21;32;32;0.1;62;10;1019;16.625;35;19;28;116;116;116;météo favorable;582
2018-08-06;34;27;5;20;32;31;9;63;8.625;1018;47.375;35;19;27;356;116;200;météo correcte;583
2018-08-07;33;27;10;18;32;30;6;58;9.375;1017;49.625;33;18;27;176;176;116;météo favorable;584
2018-08-08;32;26;8;19;30;29;6.1;62;9.5;1017;42.625;32;18;26;176;116;116;météo favorable;585
2018-08-09;25;22;5;18;24;22;20;91;8.375;1021;57.25;26;21;22;116;116;299;météo très défavorable;586
2018-08-10;26;20;7;15;24;23;4;75;7.125;1024;43.75;26;15;20;248;116;116;météo favorable;587
2018-08-11;27;21;9;15;26;24;0;60;10;1025;5.125;27;15;21;116;116;116;météo favorable;588
2018-08-12;31;24;10;16;30;30;0;56;10;1021;5.75;31;15;24;116;116;116;météo favorable;589
2018-08-13;26;20;9;17;25;23;15.4;81;9.125;1016;58.625;27;19;20;116;353;176;météo défavorable;590
2018-08-14;23;18;9;15;21;21;12.7;91;8.5;1019;73.375;25;17;18;353;353;353;météo défavorable;591
2018-08-15;28;21;9;15;26;25;0.1;72;8;1020;25.5;28;17;21;143;116;116;météo favorable;592
2018-08-16;30;25;7;17;30;29;0.3;63;10;1020;22.875;32;17;25;116;116;116;météo favorable;593
2018-08-17;26;22;8;17;26;22;11.5;87;9.125;1019;49.625;28;21;22;116;116;356;météo correcte;594
2018-08-18;26;21;8;15;26;22;1.3;78;7;1022;53.375;27;18;21;248;116;116;météo favorable;595
2018-08-19;27;22;8;14;26;24;2.2;76;14.875;1023;63;28;18;22;116;116;176;météo correcte;596
2018-08-20;29;22;10;15;28;28;1.2;73;18.5;1022;25.375;30;17;22;143;116;116;météo favorable;597
2018-08-21;30;22;6;14;29;29;0.9;69;18.75;1020;20.875;32;18;22;143;116;116;météo favorable;598
2018-08-22;31;25;6;16;31;29;2.1;65;11.125;1020;31.625;32;18;25;176;116;116;météo favorable;599
2018-08-23;31;25;6;16;31;29;2.8;53;9.875;1019;28.25;31;15;25;116;116;116;météo favorable;600
2018-08-24;22;17;7;14;22;20;16;95;8.625;1016;76.375;25;18;17;356;353;353;météo très défavorable;601
2018-08-25;16;15;6;12;16;15;2.8;84;8.25;1016;67.625;16;12;15;116;122;263;météo défavorable;602
2018-08-26;23;15;8;9;20;20;0.3;67;8.75;1017;23.25;24;10;15;143;116;116;météo favorable;603
2018-08-27;28;20;6;11;26;26;0;60;10;1019;5.25;27;13;20;116;116;116;météo favorable;604
2018-08-28;31;23;4;13;31;29;0;61;10;1020;14.125;33;17;23;116;113;119;météo idéale;605
2018-08-29;25;23;7;16;25;23;15.4;86;8.375;1019;40.125;27;21;23;116;116;176;météo défavorable;606
2018-08-30;21;16;7;14;19;18;5.3;94;5.875;1021;79;23;15;16;266;263;176;météo défavorable;607
2018-08-31;21;17;8;12;21;20;3.1;79;9.625;1020;78.625;24;14;17;119;116;176;météo défavorable;608
2018-09-01;20;15;14;11;17;19;1.3;80;7.5;1021;73.25;21;12;15;248;176;176;météo défavorable;609
2018-09-02;23;16;8;10;22;22;0;68;8;1021;20.75;25;12;16;143;116;116;météo favorable;610
2018-09-03;24;19;6;12;23;23;0.2;69;9.875;1018;42.875;25;12;19;116;116;116;météo favorable;611
2018-09-04;26;19;6;11;25;24;0;67;10;1017;30.5;26;14;19;116;116;116;météo favorable;612
2018-09-05;28;22;6;13;28;25;0;67;10;1018;7.875;28;15;22;116;116;116;météo favorable;613
2018-09-06;23;19;4;12;23;21;33;89;6.875;1016;62.375;25;19;19;356;353;356;météo très défavorable;614
2018-09-07;22;17;6;14;20;21;6.3;91;8.5;1019;70.5;24;15;17;119;176;176;météo défavorable;615
2018-09-08;27;19;5;11;26;24;0;73;9;1022;4.75;28;16;19;143;113;116;météo idéale;616
2018-09-09;28;22;5;14;28;26;3.1;70;9.625;1023;33;28;16;22;116;116;176;météo favorable;617
2018-09-10;29;22;8;14;28;26;0.4;68;10;1025;36.125;28;16;22;176;116;116;météo favorable;618
2018-09-11;32;23;4;14;30;29;0;56;10;1027;2;32;15;23;116;113;113;météo idéale;619
2018-09-12;30;24;7;15;29;28;0.7;60;9.875;1026;20.5;30;15;24;116;116;116;météo favorable;620
2018-09-13;28;23;7;17;27;26;4.1;70;9.5;1021;55.375;29;17;23;176;116;176;météo correcte;621
2018-09-14;23;19;7;13;23;22;4.1;78;9.75;1021;67.875;25;16;19;353;116;176;météo défavorable;622
2018-09-15;25;18;8;13;23;22;0.1;80;6.375;1023;35.75;26;15;18;143;116;116;météo favorable;623
2018-09-16;26;20;6;13;26;23;0;73;7.625;1024;31.625;27;16;20;143;116;116;météo favorable;624
2018-09-17;29;22;5;14;28;26;0;69;10;1023;11.75;29;16;22;116;116;116;météo favorable;625
2018-09-18;28;22;6;14;28;26;1.4;67;10;1020;28.75;28;15;22;299;116;116;météo favorable;626
2018-09-19;29;23;6;16;28;26;0.4;67;9.875;1022;22.75;29;16;23;176;116;116;météo favorable;627
2018-09-20;30;22;5;14;29;27;0;62;10;1022;5.125;30;15;22;116;116;116;météo favorable;628
2018-09-21;28;23;8;15;28;24;0.8;69;9.75;1021;34.5;28;15;23;116;116;119;météo favorable;629
2018-09-22;24;14;6;8;21;21;1.5;80;7.375;1023;52.75;25;11;14;248;116;116;météo favorable;630
2018-09-23;27;21;7;13;27;25;5;74;9.75;1023;39.25;28;17;21;116;116;116;météo favorable;631
2018-09-24;18;12;15;10;17;16;12.4;82;8.25;1028;31.875;18;15;12;263;116;116;météo correcte;632
2018-09-25;21;13;6;8;19;19;0;66;10;1032;11.875;23;9;13;116;116;116;météo favorable;633
2018-09-26;25;18;4;11;24;23;0;67;10;1035;4.125;26;13;18;116;116;116;météo favorable;634
2018-09-27;29;19;4;10;27;27;0;64;10;1034;0.375;29;14;19;116;113;113;météo idéale;635
2018-09-28;25;20;8;11;25;23;0;71;10;1025;6;26;13;20;113;113;116;météo idéale;636
2018-09-29;22;15;7;9;21;20;0;81;9;1020;21.375;25;14;16;143;116;116;météo favorable;637
2018-09-30;23;18;8;9;23;19;2.4;78;9.75;1021;29.875;25;12;18;116;116;200;météo favorable;638
2018-10-01;13;11;14;10;11;10;12.9;89;9.125;1020;77;14;12;9;296;176;353;météo défavorable;639
2018-10-02;16;9;11;5;15;14;0;76;8;1025;25;16;5;9;143;116;116;météo correcte;640
2018-10-03;20;12;11;4;19;18;0;72;9.375;1026;28.5;20;11;12;116;116;116;météo favorable;641
2018-10-04;23;14;5;6;21;21;0;75;6.625;1025;10.5;25;13;14;143;116;116;météo favorable;642
2018-10-05;25;18;5;10;25;22;0;60;10;1024;7.75;26;13;18;116;116;116;météo favorable;643
2018-10-06;23;18;9;13;23;21;0;49;10;1020;19;25;11;19;116;116;116;météo favorable;644
2018-10-07;15;12;5;10;14;13;10.4;98;7.125;1017;77.75;15;13;12;353;302;176;météo défavorable;645
2018-10-08;21;15;7;7;21;19;0;79;4.625;1021;29.5;23;14;15;143;116;116;météo favorable;646
2018-10-09;25;17;5;8;24;21;0;64;9.625;1022;8.375;25;13;17;116;116;116;météo favorable;647
2018-10-10;26;18;5;9;26;22;0.1;56;10;1021;17.625;26;11;18;116;116;116;météo favorable;648
2018-10-11;24;17;5;11;23;22;6.8;80;9.375;1020;42.375;26;14;16;302;116;116;météo favorable;649
2018-10-12;24;19;5;11;24;21;0;60;10;1026;12.625;25;13;19;116;116;116;météo favorable;650
2018-10-13;24;18;6;10;24;22;0;65;10;1025;10.75;26;14;18;116;116;116;météo favorable;651
2018-10-14;24;17;4;9;23;22;0;60;10;1020;35.625;25;10;17;116;116;116;météo favorable;652
2018-10-15;23;16;5;8;23;20;0.4;52;8.625;1017;47.875;24;11;16;116;116;116;météo favorable;653
2018-10-16;22;17;5;12;22;19;0.1;62;9.75;1020;22.75;23;12;17;116;116;116;météo favorable;654
2018-10-17;22;17;6;10;22;19;0;68;10;1020;14.25;25;11;17;116;116;116;météo favorable;655
2018-10-18;22;16;6;9;21;20;0;70;10;1017;12.125;25;12;16;116;116;116;météo favorable;656
2018-10-19;23;16;5;8;22;20;0;71;10;1022;9.5;25;14;16;116;116;116;météo favorable;657
2018-10-20;23;15;7;8;21;21;0;76;9;1026;4.75;25;12;15;116;113;113;météo favorable;658
2018-10-21;21;13;8;6;19;19;0;70;10;1026;6.125;23;9;13;116;116;116;météo favorable;659
2018-10-22;18;12;7;8;17;16;0;75;18.375;1027;3.25;19;9;12;113;113;116;météo favorable;660
2018-10-23;18;11;8;6;17;16;0;70;11.625;1029;3.625;18;7;12;113;116;116;météo favorable;661
2018-10-24;19;11;10;4;18;16;0;57;9.375;1028;8.375;19;10;11;116;116;116;météo favorable;662
2018-10-25;21;14;5;6;21;19;0;74;7.625;1022;4.875;22;12;14;143;113;116;météo favorable;663
2018-10-26;20;13;4;6;19;18;0;72;10;1017;13.75;21;10;13;116;116;116;météo favorable;664
2018-10-27;10;7;5;5;8;8;33.3;96;6.5;1010;93.375;10;7;7;302;302;302;météo très défavorable;665
2018-10-28;9;6;6;4;8;6;2.8;93;4.25;1001;89.625;9;7;6;266;266;263;météo défavorable;666
2018-10-29;8;5;6;2;8;6;14.3;96;4.125;1001;92.875;8;7;3;266;266;302;météo très défavorable;667
2018-10-30;8;4;6;3;7;7;21.7;96;5.75;1013;62.875;10;8;3;338;293;143;météo très défavorable;668
2018-10-31;16;7;5;1;15;14;0;79;15.875;1015;33.875;16;7;7;116;116;116;météo correcte;669
2018-11-01;14;10;5;6;14;11;6.6;86;8.375;1020;80.375;14;10;10;296;176;176;météo défavorable;670
2018-11-02;14;9;7;4;14;11;0.1;83;8.25;1024;58.125;14;9;9;119;116;176;météo correcte;671
2018-11-03;13;8;6;4;13;12;0;87;4.875;1025;39.5;14;9;8;143;116;116;météo correcte;672
2018-11-04;18;12;4;7;18;15;0;77;9.625;1021;22.375;18;11;12;116;116;116;météo favorable;673
2018-11-05;19;13;4;8;19;16;0;66;10;1012;19.5;19;10;12;116;116;116;météo favorable;674
2018-11-06;12;10;7;7;12;8;9.8;96;7.5;1012;47.5;12;10;10;116;116;308;météo défavorable;675
2018-11-07;15;10;5;6;15;13;0.7;81;8.5;1017;27.25;15;9;10;116;116;116;météo correcte;676
2018-11-08;15;10;4;6;14;12;14.8;89;9;1021;59;15;11;10;302;116;116;météo défavorable;677
2018-11-09;16;10;3;5;16;13;0;66;10;1018;29.75;16;8;10;116;116;116;météo correcte;678
2018-11-10;15;10;4;5;14;13;0.7;78;8.875;1015;41;15;11;10;116;116;176;météo correcte;679
2018-11-11;19;13;5;9;18;16;1.1;74;9.875;1017;35.125;19;12;13;116;116;116;météo favorable;680
2018-11-12;20;13;7;6;19;17;0;66;10;1023;11.75;20;12;12;116;116;116;météo favorable;681
2018-11-13;18;12;3;7;18;16;0;67;10;1029;15.75;19;12;12;116;116;116;météo favorable;682
2018-11-14;19;13;3;7;19;15;0;68;10;1029;5.125;19;11;13;116;113;116;météo favorable;683
2018-11-15;17;12;3;7;17;15;0;59;10;1026;3.75;17;9;11;116;116;116;météo correcte;684
2018-11-16;17;11;4;7;15;13;0;63;10;1024;4.625;17;10;11;116;116;116;météo correcte;685
2018-11-17;13;8;3;5;13;11;0;69;10;1023;17.75;13;6;8;116;116;116;météo correcte;686
2018-11-18;12;8;5;4;12;9;0;51;10;1023;1.125;12;3;7;116;113;113;météo défavorable;687
2018-11-19;6;2;5;0;6;3;0.5;71;8.625;1015;46.625;6;0;2;116;116;266;météo très défavorable;688
2018-11-20;8;5;5;3;8;5;1.5;68;9.625;1007;59;8;3;5;317;116;116;météo très défavorable;689
2018-11-21;7;4;3;2;6;6;14.7;88;8.125;1016;78.375;7;5;4;263;302;263;météo très défavorable;690
2018-11-22;12;6;3;1;12;9;0;79;10;1021;17.375;12;7;6;116;116;116;météo défavorable;691
2018-11-23;8;6;5;3;8;5;10.9;84;9.125;1021;59.125;8;5;4;116;176;293;météo très défavorable;692
2018-11-24;11;7;3;3;11;7;22.2;89;9.125;1015;53.125;11;8;7;176;116;116;météo très défavorable;693
2018-11-25;10;6;5;4;10;5;5;69;9.5;1014;33.625;10;4;6;116;116;296;météo défavorable;694
2018-11-26;7;5;5;3;7;6;0.9;85;7.125;1010;80.625;7;5;5;119;122;266;météo très défavorable;695
2018-11-27;6;4;6;2;6;3;4.8;92;6.5;1022;75.125;6;4;4;296;263;353;météo très défavorable;696
2018-11-28;10;4;3;-2;10;8;0;73;9.625;1025;29.125;10;3;3;116;116;116;météo très défavorable;697
2018-11-29;13;7;4;2;13;10;0;66;10;1025;28;13;5;7;116;116;116;météo correcte;698
2018-11-30;9;6;4;4;9;6;4.2;80;14.125;1021;85.375;9;5;6;119;266;296;météo défavorable;699
2018-12-01;10;6;2;5;9;7;0.1;88;10;1021;56.25;10;6;6;119;116;116;météo défavorable;700
2018-12-02;10;7;6;6;9;7;53.4;96;6.5;1019;94.5;10;9;6;296;308;302;météo très défavorable;701
2018-12-03;14;11;8;11;13;12;36.1;94;7.125;1017;92;14;12;11;302;296;386;météo très défavorable;702
2018-12-04;13;10;3;8;13;10;22.3;92;8;1025;66.375;13;9;10;356;176;176;météo très défavorable;703
2018-12-05;13;6;4;2;13;11;0;74;10;1026;42.5;13;7;6;116;116;116;météo correcte;704
2018-12-06;11;8;3;5;10;9;37.4;96;7.75;1027;75.875;11;10;8;302;308;116;météo très défavorable;705
2018-12-07;13;8;5;5;12;11;5.5;87;8.375;1027;51.25;13;11;8;116;116;116;météo correcte;706
2018-12-08;7;5;7;5;7;4;13.6;88;7.625;1024;81.5;8;6;4;176;296;263;météo très défavorable;707
2018-12-09;9;8;13;9;9;7;33.4;91;6.5;1022;96;9;8;6;296;356;356;météo très défavorable;708
2018-12-10;8;6;5;3;8;5;26;92;8.75;1027;78.75;8;6;5;356;353;353;météo très défavorable;709
2018-12-11;8;4;5;-1;8;7;0.5;87;8.75;1027;20;8;5;3;143;113;116;météo très défavorable;710
2018-12-12;6;2;4;-2;6;5;0;71;10;1023;6.375;6;0;2;116;116;116;météo très défavorable;711
2018-12-13;7;2;5;1;7;5;0;45;10;1019;22;7;0;1;113;116;116;météo très défavorable;712
2018-12-14;6;2;5;1;5;5;0;68;10;1022;27.25;7;0;2;116;116;116;météo très défavorable;713
2018-12-15;5;0;2;-2;5;2;1.4;73;9;1023;50.625;5;0;0;116;116;116;météo très défavorable;714
2018-12-16;7;5;6;4;7;5;30.7;97;11.75;1018;90.25;7;7;3;302;302;263;météo très défavorable;715
2018-12-17;7;5;5;5;7;4;11.2;96;14.375;1031;70.625;7;5;5;296;353;353;météo très défavorable;716
2018-12-18;11;4;4;-2;11;6;0;65;14.625;1031;18.375;11;3;3;116;113;116;météo très défavorable;717
2018-12-19;7;5;4;1;7;3;25.4;94;9.375;1023;70.875;7;5;4;116;263;308;météo très défavorable;718
2018-12-20;8;4;6;2;8;6;4;83;9.25;1026;52.375;8;3;2;176;116;263;météo très défavorable;719
2018-12-21;7;5;8;3;7;7;48.3;93;7.625;1027;80.375;7;7;4;116;176;308;météo très défavorable;720
2018-12-22;13;10;6;9;13;10;24;90;8.5;1028;78.375;13;11;10;296;353;353;météo très défavorable;721
2018-12-23;12;6;5;4;11;9;1.3;82;9;1029;53.25;12;8;6;116;116;176;météo défavorable;722
2018-12-24;10;9;5;9;10;8;9;97;6.25;1030;90.375;10;10;10;266;266;296;météo défavorable;723
2018-12-25;9;3;4;1;8;8;0;79;9.625;1033;1.625;10;5;3;113;113;113;météo très défavorable;724
2018-12-26;9;3;2;-1;8;7;0;60;10;1033;21.875;9;1;3;113;119;116;météo très défavorable;725
2018-12-27;9;4;3;0;9;5;0;59;10;1030;11.125;9;1;4;116;116;116;météo très défavorable;726
2018-12-28;7;3;4;0;7;4;0;69;9.375;1030;30.25;7;1;3;116;116;116;météo très défavorable;727
2018-12-29;7;2;5;-2;7;4;0;82;8.625;1034;13.125;7;2;2;116;113;116;météo très défavorable;728
2018-12-30;8;2;7;-2;8;6;0;68;10;1034;8.125;9;3;1;116;116;116;météo très défavorable;729
2018-12-31;8;2;5;-3;7;5;0;76;9;1034;13;8;4;2;116;116;116;météo très défavorable;730
